{
  "done": {
  },
  "rewards": [
    {
      "variables": {
        "hp_p1": {
          "penalty": 0.00568181818
        },
        "hp_p2": {
          "penalty": -0.00568181818
        }
      }
    },
    {
      "variables": {
        "hp_p1": {
          "penalty": -0.00568181818
        },
        "hp_p2": {
          "penalty": 0.00568181818
        }
      }
    }
  ]
}
